LOCK	desbresko	209.239.109.123	1597578813767	Permalocked as Desbresko
LOCK	desbresko	209.239.109.123	1597582783964	Permalocked as Desbresko
LOCK	desbresko	209.239.110.211	1597589599588	Permalocked as Desbresko
LOCK	desbresko	209.239.110.211	1597592653126	Permalocked as Desbresko
LOCK	desbresko	209.239.110.211	1597592791041	Permalocked as Desbresko
LOCK	orientem	216.49.117.133	1597658994994	Permalocked as Orientem+
LOCK	orientem	216.49.117.133	1597659026918	Permalocked as Orientem+
LOCK	orientem	216.49.117.133	1597668587580	Permalocked as Orientem+
LOCK	orientem	216.49.117.133	1597696913306	Permalocked as Orientem+
LOCK	orientem	199.8.201.202	1597708101686	Permalocked as Orientem+
LOCK	orientem	216.49.101.221	1597777116014	Permalocked as Orientem+
LOCK	orientem	216.49.117.133	1597789117745	Permalocked as Orientem+
